package,license,allowed,note
"@img/sharp-win32-x64","Apache-2.0 AND LGPL-3.0-or-later","YES","Image processing — LGPL via dynamic linking only"
"@portarium/cockpit","MIT","YES","Internal package"
"@react-leaflet/core","Hippocratic-2.1","YES","Frontend mapping lib — Cockpit UI only"
"@vitejs/plugin-react","MIT","YES",""
"@vitest/browser","MIT","YES",""
"@vitest/coverage-v8","MIT","YES",""
"@vitest/expect","MIT","YES",""
"@vitest/mocker","MIT","YES",""
"@vitest/pretty-format","MIT","YES",""
"@vitest/runner","MIT","YES",""
"@vitest/snapshot","MIT","YES",""
"@vitest/spy","MIT","YES",""
"@vitest/utils","MIT","YES",""
"@webassemblyjs/ast","MIT","YES",""
"@webassemblyjs/floating-point-hex-parser","MIT","YES",""
"@webassemblyjs/helper-api-error","MIT","YES",""
"@webassemblyjs/helper-buffer","MIT","YES",""
"@webassemblyjs/helper-numbers","MIT","YES",""
"@webassemblyjs/helper-wasm-bytecode","MIT","YES",""
"@webassemblyjs/helper-wasm-section","MIT","YES",""
"@webassemblyjs/ieee754","MIT","YES",""
"@webassemblyjs/leb128","Apache-2.0","YES",""
"@webassemblyjs/utf8","MIT","YES",""
"@webassemblyjs/wasm-edit","MIT","YES",""
"@webassemblyjs/wasm-gen","MIT","YES",""
"@webassemblyjs/wasm-opt","MIT","YES",""
"@webassemblyjs/wasm-parser","MIT","YES",""
"@webassemblyjs/wast-printer","MIT","YES",""
"@xtuc/ieee754","BSD-3-Clause","YES",""
"@xtuc/long","Apache-2.0","YES",""
"@xyflow/react","MIT","YES",""
"@xyflow/system","MIT","YES",""
"abort-controller","MIT","YES",""
"accepts","MIT","YES",""
"acorn","MIT","YES",""
"acorn-import-phases","MIT","YES",""
"acorn-jsx","MIT","YES",""
"acorn-jsx-walk","MIT","YES",""
"acorn-loose","MIT","YES",""
"acorn-walk","MIT","YES",""
"agent-base","MIT","YES",""
"ajv","MIT","YES",""
"ajv-formats","MIT","YES",""
"ajv-keywords","MIT","YES",""
"angular-html-parser","MIT","YES",""
"ansi-escapes","MIT","YES",""
"ansi-regex","MIT","YES",""
"ansi-styles","MIT","YES",""
"ansis","ISC","YES",""
"argparse","Python-2.0","YES",""
"aria-hidden","MIT","YES",""
"aria-query","Apache-2.0","YES",""
"array-buffer-byte-length","MIT","YES",""
"array-includes","MIT","YES",""
"array-timsort","MIT","YES",""
"array.prototype.findlastindex","MIT","YES",""
"array.prototype.flat","MIT","YES",""
"array.prototype.flatmap","MIT","YES",""
"arraybuffer.prototype.slice","MIT","YES",""
"assertion-error","MIT","YES",""
"ast-types","MIT","YES",""
"ast-v8-to-istanbul","MIT","YES",""
"async-function","MIT","YES",""
"available-typed-arrays","MIT","YES",""
"axe-core","MPL-2.0","YES","Accessibility testing — build-time only"
"b4a","Apache-2.0","YES",""
"balanced-match","MIT","YES",""
"bare-events","Apache-2.0","YES",""
"bare-fs","Apache-2.0","YES",""
"bare-os","Apache-2.0","YES",""
"bare-path","Apache-2.0","YES",""
"bare-stream","Apache-2.0","YES",""
"bare-url","Apache-2.0","YES",""
"baseline-browser-mapping","Apache-2.0","YES",""
"basic-ftp","MIT","YES",""
"better-opn","MIT","YES",""
"body-parser","MIT","YES",""
"bowser","MIT","YES",""
"brace-expansion","MIT","YES",""
"braces","MIT","YES",""
"browserslist","MIT","YES",""
"buffer-crc32","MIT","YES",""
"buffer-from","MIT","YES",""
"builtin-modules","MIT","YES",""
"bundle-name","MIT","YES",""
"bytes","MIT","YES",""
"call-bind","MIT","YES",""
"call-bind-apply-helpers","MIT","YES",""
"call-bound","MIT","YES",""
"callsites","MIT","YES",""
"caniuse-lite","CC-BY-4.0","YES",""
"chai","MIT","YES",""
"chalk","MIT","YES",""
"chalk-template","MIT","YES",""
"change-case","MIT","YES",""
"chardet","MIT","YES",""
"check-error","MIT","YES",""
"chrome-trace-event","MIT","YES",""
"chromium-bidi","Apache-2.0","YES",""
"ci-info","MIT","YES",""
"class-variance-authority","Apache-2.0","YES",""
"classcat","MIT","YES",""
"clean-regexp","MIT","YES",""
"clear-module","MIT","YES",""
"cli-cursor","MIT","YES",""
"cli-spinners","MIT","YES",""
"cli-truncate","MIT","YES",""
"cli-width","ISC","YES",""
"client-only","MIT","YES",""
"cliui","ISC","YES",""
"clsx","MIT","YES",""
"cluster-key-slot","Apache-2.0","YES",""
"cmdk","MIT","YES",""
"code-block-writer","MIT","YES",""
"color-convert","MIT","YES",""
"color-name","MIT","YES",""
"colorette","MIT","YES",""
"commander","MIT","YES",""
"comment-json","MIT","YES",""
"concat-map","MIT","YES",""
"content-disposition","MIT","YES",""
"content-type","MIT","YES",""
"convert-source-map","MIT","YES",""
"cookie","MIT","YES",""
"cookie-es","MIT","YES",""
"cookie-signature","MIT","YES",""
"core-js-compat","MIT","YES",""
"core-util-is","MIT","YES",""
"cors","MIT","YES",""
"cosmiconfig","MIT","YES",""
"cross-spawn","MIT","YES",""
"cspell","MIT","YES",""
"cspell-config-lib","MIT","YES",""
"cspell-dictionary","MIT","YES",""
"cspell-gitignore","MIT","YES",""
"cspell-glob","MIT","YES",""
"cspell-grammar","MIT","YES",""
"cspell-io","MIT","YES",""
"cspell-lib","MIT","YES",""
"cspell-trie-lib","MIT","YES",""
"css.escape","MIT","YES",""
"cssesc","MIT","YES",""
"cssstyle","MIT","YES",""
"csstype","MIT","YES",""
"d3-array","ISC","YES",""
"d3-color","ISC","YES",""
"d3-dispatch","ISC","YES",""
"d3-drag","ISC","YES",""
"d3-ease","BSD-3-Clause","YES",""
"d3-format","ISC","YES",""
"d3-interpolate","ISC","YES",""
"d3-path","ISC","YES",""
"d3-scale","ISC","YES",""
"d3-selection","ISC","YES",""
"d3-shape","ISC","YES",""
"d3-time","ISC","YES",""
"d3-time-format","ISC","YES",""
"d3-timer","ISC","YES",""
"d3-transition","ISC","YES",""
"d3-zoom","ISC","YES",""
"data-uri-to-buffer","MIT","YES",""
"data-urls","MIT","YES",""
"data-view-buffer","MIT","YES",""
"data-view-byte-length","MIT","YES",""
"data-view-byte-offset","MIT","YES",""
"date-fns","MIT","YES",""
"date-fns-jalali","MIT","YES",""
"debug","MIT","YES",""
"decimal.js","MIT","YES",""
"decimal.js-light","MIT","YES",""
"dedent","MIT","YES",""
"deep-eql","MIT","YES",""
"deep-is","MIT","YES",""
"deepmerge","MIT","YES",""
"default-browser","MIT","YES",""
"default-browser-id","MIT","YES",""
"define-data-property","MIT","YES",""
"define-lazy-prop","MIT","YES",""
"define-properties","MIT","YES",""
"degenerator","MIT","YES",""
"denque","Apache-2.0","YES",""
"depd","MIT","YES",""
"dependency-cruiser","MIT","YES",""
"dequal","MIT","YES",""
"des.js","MIT","YES",""
"detect-libc","Apache-2.0","YES",""
"detect-node-es","MIT","YES",""
"devtools-protocol","BSD-3-Clause","YES",""
"diff","BSD-3-Clause","YES",""
"diff-match-patch","Apache-2.0","YES",""
"doctrine","Apache-2.0","YES",""
"dom-accessibility-api","MIT","YES",""
"dom-helpers","MIT","YES",""
"dotenv","BSD-2-Clause","YES",""
"dunder-proto","MIT","YES",""
"eastasianwidth","MIT","YES",""
"eciesjs","MIT","YES",""
"ee-first","MIT","YES",""
"electron-to-chromium","ISC","YES",""
"embla-carousel","MIT","YES",""
"embla-carousel-react","MIT","YES",""
"embla-carousel-reactive-utils","MIT","YES",""
"emoji-regex","MIT","YES",""
"encodeurl","MIT","YES",""
"end-of-stream","MIT","YES",""
"enhanced-resolve","MIT","YES",""
"entities","BSD-2-Clause","YES",""
"env-paths","MIT","YES",""
"environment","MIT","YES",""
"error-ex","MIT","YES",""
"es-abstract","MIT","YES",""
"es-define-property","MIT","YES",""
"es-errors","MIT","YES",""
"es-module-lexer","MIT","YES",""
"es-object-atoms","MIT","YES",""
"es-set-tostringtag","MIT","YES",""
"es-shim-unscopables","MIT","YES",""
"es-to-primitive","MIT","YES",""
"esbuild","MIT","YES",""
"esbuild-register","MIT","YES",""
"escalade","MIT","YES",""
"escape-html","MIT","YES",""
"escape-string-regexp","MIT","YES",""
"escodegen","BSD-2-Clause","YES",""
"eslint","MIT","YES",""
"eslint-compat-utils","MIT","YES",""
"eslint-config-prettier","MIT","YES",""
"eslint-import-context","MIT","YES",""
"eslint-import-resolver-node","MIT","YES",""
"eslint-import-resolver-typescript","ISC","YES",""
"eslint-module-utils","MIT","YES",""
"eslint-plugin-es-x","MIT","YES",""
"eslint-plugin-eslint-comments","MIT","YES",""
"eslint-plugin-import","MIT","YES",""
"eslint-plugin-n","MIT","YES",""
"eslint-plugin-sonarjs","LGPL-3.0-only","YES","Dev lint tool — not distributed"
"eslint-plugin-unicorn","MIT","YES",""
"eslint-scope","BSD-2-Clause","YES",""
"eslint-visitor-keys","Apache-2.0","YES",""
"espree","BSD-2-Clause","YES",""
"esprima","BSD-2-Clause","YES",""
"esquery","BSD-3-Clause","YES",""
"esrecurse","BSD-2-Clause","YES",""
"estraverse","BSD-2-Clause","YES",""
"estree-walker","MIT","YES",""
"esutils","BSD-2-Clause","YES",""
"etag","MIT","YES",""
"event-target-shim","MIT","YES",""
"eventemitter3","MIT","YES",""
"events","MIT","YES",""
"events-universal","Apache-2.0","YES",""
"eventsource","MIT","YES",""
"eventsource-parser","MIT","YES",""
"execa","MIT","YES",""
"expect-type","Apache-2.0","YES",""
"express","MIT","YES",""
"express-rate-limit","MIT","YES",""
"extract-zip","BSD-2-Clause","YES",""
"fast-deep-equal","MIT","YES",""
"fast-equals","MIT","YES",""
"fast-fifo","MIT","YES",""
"fast-glob","MIT","YES",""
"fast-json-stable-stringify","MIT","YES",""
"fast-levenshtein","MIT","YES",""
"fast-string-truncated-width","MIT","YES",""
"fast-string-width","MIT","YES",""
"fast-uri","BSD-3-Clause","YES",""
"fast-wrap-ansi","MIT","YES",""
"fast-xml-parser","MIT","YES",""
"fastq","ISC","YES",""
"fd-package-json","MIT","YES",""
"fd-slicer","MIT","YES",""
"fdir","MIT","YES",""
"fetch-blob","MIT","YES",""
"figures","MIT","YES",""
"file-entry-cache","MIT","YES",""
"fill-range","MIT","YES",""
"finalhandler","MIT","YES",""
"find-up","MIT","YES",""
"find-up-simple","MIT","YES",""
"flat-cache","MIT","YES",""
"flatted","ISC","YES",""
"for-each","MIT","YES",""
"foreground-child","ISC","YES",""
"formatly","MIT","YES",""
"formdata-polyfill","MIT","YES",""
"forwarded","MIT","YES",""
"framer-motion","MIT","YES",""
"fresh","MIT","YES",""
"fs-extra","MIT","YES",""
"fs-monkey","Unlicense","YES",""
"function-bind","MIT","YES",""
"function.prototype.name","MIT","YES",""
"functional-red-black-tree","MIT","YES",""
"functions-have-names","MIT","YES",""
"fuzzysort","MIT","YES",""
"fzf","BSD-3-Clause","YES",""
"geist","SIL OFL 1.1","YES","Font — SIL OFL permissive"
"generator-function","MIT","YES",""
"gensequence","MIT","YES",""
"gensync","MIT","YES",""
"get-caller-file","ISC","YES",""
"get-east-asian-width","MIT","YES",""
"get-intrinsic","MIT","YES",""
"get-nonce","MIT","YES",""
"get-own-enumerable-keys","MIT","YES",""
"get-proto","MIT","YES",""
"get-stream","MIT","YES",""
"get-symbol-description","MIT","YES",""
"get-tsconfig","MIT","YES",""
"get-uri","MIT","YES",""
"glob","ISC","YES",""
"glob-parent","ISC","YES",""
"glob-to-regex.js","Apache-2.0","YES",""
"glob-to-regexp","BSD-2-Clause","YES",""
"global-directory","MIT","YES",""
"globals","MIT","YES",""
"globalthis","MIT","YES",""
"globrex","MIT","YES",""
"gopd","MIT","YES",""
"graceful-fs","ISC","YES",""
"graphql","MIT","YES",""
"has-bigints","MIT","YES",""
"has-flag","MIT","YES",""
"has-property-descriptors","MIT","YES",""
"has-proto","MIT","YES",""
"has-symbols","MIT","YES",""
"has-tostringtag","MIT","YES",""
"hasown","MIT","YES",""
"headers-polyfill","MIT","YES",""
"heap-js","BSD-3-Clause","YES",""
"hono","MIT","YES",""
"html-encoding-sniffer","MIT","YES",""
"html-escaper","MIT","YES",""
"http-errors","MIT","YES",""
"http-proxy-agent","MIT","YES",""
"https-proxy-agent","MIT","YES",""
"human-signals","Apache-2.0","YES",""
"husky","MIT","YES",""
"hyperdyperid","MIT","YES",""
"iconv-lite","MIT","YES",""
"ignore","MIT","YES",""
"import-fresh","MIT","YES",""
"import-meta-resolve","MIT","YES",""
"imurmurhash","MIT","YES",""
"indent-string","MIT","YES",""
"inherits","ISC","YES",""
"ini","ISC","YES",""
"input-otp","MIT","YES",""
"internal-slot","MIT","YES",""
"internmap","ISC","YES",""
"interpret","MIT","YES",""
"ioredis","MIT","YES",""
"ip-address","MIT","YES",""
"ipaddr.js","MIT","YES",""
"is-array-buffer","MIT","YES",""
"is-arrayish","MIT","YES",""
"is-async-function","MIT","YES",""
"is-bigint","MIT","YES",""
"is-boolean-object","MIT","YES",""
"is-builtin-module","MIT","YES",""
"is-bun-module","MIT","YES",""
"is-callable","MIT","YES",""
"is-core-module","MIT","YES",""
"is-data-view","MIT","YES",""
"is-date-object","MIT","YES",""
"is-docker","MIT","YES",""
"is-extglob","MIT","YES",""
"is-finalizationregistry","MIT","YES",""
"is-fullwidth-code-point","MIT","YES",""
"is-generator-function","MIT","YES",""
"is-glob","MIT","YES",""
"is-in-ssh","MIT","YES",""
"is-inside-container","MIT","YES",""
"is-installed-globally","MIT","YES",""
"is-interactive","MIT","YES",""
"is-map","MIT","YES",""
"is-negative-zero","MIT","YES",""
"is-node-process","MIT","YES",""
"is-number","MIT","YES",""
"is-number-object","MIT","YES",""
"is-obj","MIT","YES",""
"is-path-inside","MIT","YES",""
"is-plain-obj","MIT","YES",""
"is-potential-custom-element-name","MIT","YES",""
"is-promise","MIT","YES",""
"is-regex","MIT","YES",""
"is-regexp","MIT","YES",""
"is-safe-filename","MIT","YES",""
"is-set","MIT","YES",""
"is-shared-array-buffer","MIT","YES",""
"is-stream","MIT","YES",""
"is-string","MIT","YES",""
"is-symbol","MIT","YES",""
"is-typed-array","MIT","YES",""
"is-unicode-supported","MIT","YES",""
"is-weakmap","MIT","YES",""
"is-weakref","MIT","YES",""
"is-weakset","MIT","YES",""
"is-wsl","MIT","YES",""
"isarray","MIT","YES",""
"isbot","Unlicense","YES",""
"isexe","ISC","YES",""
"istanbul-lib-coverage","BSD-3-Clause","YES",""
"istanbul-lib-report","BSD-3-Clause","YES",""
"istanbul-reports","BSD-3-Clause","YES",""
"jackspeak","BlueOak-1.0.0","YES",""
"jest-worker","MIT","YES",""
"jiti","MIT","YES",""
"jose","MIT","YES",""
"js-md4","MIT","YES",""
"js-tokens","MIT","YES",""
"js-yaml","MIT","YES",""
"jsdom","MIT","YES",""
"jsesc","MIT","YES",""
"json-buffer","MIT","YES",""
"json-parse-even-better-errors","MIT","YES",""
"json-rpc-2.0","MIT","YES",""
"json-schema-traverse","MIT","YES",""
"json-schema-typed","BSD-2-Clause","YES",""
"json-stable-stringify-without-jsonify","MIT","YES",""
"json5","MIT","YES",""
"jsonfile","MIT","YES",""
"jsx-ast-utils-x","MIT","YES",""
"keyv","MIT","YES",""
"kleur","MIT","YES",""
"knip","ISC","YES",""
"leaflet","BSD-2-Clause","YES",""
"levn","MIT","YES",""
"lightningcss","MPL-2.0","YES","Build tool — not distributed in runtime"
"lightningcss-win32-x64-msvc","MPL-2.0","YES","Build tool"
"lines-and-columns","MIT","YES",""
"lint-staged","MIT","YES",""
"listr2","MIT","YES",""
"loader-runner","MIT","YES",""
"locate-path","MIT","YES",""
"lodash","MIT","YES",""
"lodash.camelcase","MIT","YES",""
"lodash.defaults","MIT","YES",""
"lodash.groupby","MIT","YES",""
"lodash.isarguments","MIT","YES",""
"lodash.merge","MIT","YES",""
"log-symbols","MIT","YES",""
"log-update","MIT","YES",""
"long","Apache-2.0","YES",""
"loose-envify","MIT","YES",""
"loupe","MIT","YES",""
"lru-cache","ISC","YES",""
"lucide-react","ISC","YES",""
"lz-string","MIT","YES",""
"magic-string","MIT","YES",""
"magicast","MIT","YES",""
"make-dir","MIT","YES",""
"math-intrinsics","MIT","YES",""
"media-typer","MIT","YES",""
"memfs","Apache-2.0","YES",""
"merge-descriptors","MIT","YES",""
"merge-stream","MIT","YES",""
"merge2","MIT","YES",""
"micromatch","MIT","YES",""
"mime-db","MIT","YES",""
"mime-types","MIT","YES",""
"mimic-fn","MIT","YES",""
"mimic-function","MIT","YES",""
"min-indent","MIT","YES",""
"minimalistic-assert","ISC","YES",""
"minimatch","BlueOak-1.0.0","YES",""
"minimist","MIT","YES",""
"minipass","BlueOak-1.0.0","YES",""
"mitt","MIT","YES",""
"motion-dom","MIT","YES",""
"motion-utils","MIT","YES",""
"mrmime","MIT","YES",""
"ms","MIT","YES",""
"msw","MIT","YES",""
"mutation-server-protocol","Apache-2.0","YES",""
"mutation-testing-elements","Apache-2.0","YES",""
"mutation-testing-metrics","Apache-2.0","YES",""
"mutation-testing-report-schema","Apache-2.0","YES",""
"mute-stream","ISC","YES",""
"nano-spawn","MIT","YES",""
"nanoid","MIT","YES",""
"napi-postinstall","MIT","YES",""
"natural-compare","MIT","YES",""
"negotiator","MIT","YES",""
"neo-async","MIT","YES",""
"netmask","MIT","YES",""
"next","MIT","YES",""
"next-themes","MIT","YES",""
"nexus-rpc","MIT","YES",""
"node-domexception","MIT","YES",""
"node-fetch","MIT","YES",""
"node-releases","MIT","YES",""
"npm-run-path","MIT","YES",""
"nwsapi","MIT","YES",""
"object-assign","MIT","YES",""
"object-inspect","MIT","YES",""
"object-keys","MIT","YES",""
"object-treeify","MIT","YES",""
"object.assign","MIT","YES",""
"object.fromentries","MIT","YES",""
"object.groupby","MIT","YES",""
"object.values","MIT","YES",""
"obug","MIT","YES",""
"on-finished","MIT","YES",""
"once","ISC","YES",""
"onetime","MIT","YES",""
"open","MIT","YES",""
"optionator","MIT","YES",""
"ora","MIT","YES",""
"outvariant","MIT","YES",""
"own-keys","MIT","YES",""
"oxc-resolver","MIT","YES",""
"p-limit","MIT","YES",""
"p-locate","MIT","YES",""
"pac-proxy-agent","MIT","YES",""
"pac-resolver","MIT","YES",""
"package-json-from-dist","BlueOak-1.0.0","YES",""
"package-manager-detector","MIT","YES",""
"parent-module","MIT","YES",""
"parse-json","MIT","YES",""
"parse-ms","MIT","YES",""
"parse5","MIT","YES",""
"parseurl","MIT","YES",""
"path-browserify","MIT","YES",""
"path-exists","MIT","YES",""
"path-key","MIT","YES",""
"path-parse","MIT","YES",""
"path-scurry","BlueOak-1.0.0","YES",""
"path-to-regexp","MIT","YES",""
"pathe","MIT","YES",""
"pathval","MIT","YES",""
"pend","MIT","YES",""
"pg","MIT","YES",""
"pg-cloudflare","MIT","YES",""
"pg-connection-string","MIT","YES",""
"pg-int8","ISC","YES",""
"pg-pool","MIT","YES",""
"pg-protocol","MIT","YES",""
"pg-types","MIT","YES",""
"pgpass","MIT","YES",""
"picocolors","ISC","YES",""
"picomatch","MIT","YES",""
"pidtree","MIT","YES",""
"pixelmatch","ISC","YES",""
"pkce-challenge","MIT","YES",""
"pluralize","MIT","YES",""
"pngjs","MIT","YES",""
"possible-typed-array-names","MIT","YES",""
"postcss","MIT","YES",""
"postcss-selector-parser","MIT","YES",""
"postgres-array","MIT","YES",""
"postgres-bytea","MIT","YES",""
"postgres-date","MIT","YES",""
"postgres-interval","MIT","YES",""
"powershell-utils","MIT","YES",""
"prelude-ls","MIT","YES",""
"prettier","MIT","YES",""
"pretty-format","MIT","YES",""
"pretty-ms","MIT","YES",""
"progress","MIT","YES",""
"prompts","MIT","YES",""
"prop-types","MIT","YES",""
"proto3-json-serializer","Apache-2.0","YES",""
"protobufjs","BSD-3-Clause","YES",""
"proxy-addr","MIT","YES",""
"proxy-agent","MIT","YES",""
"proxy-from-env","MIT","YES",""
"pump","MIT","YES",""
"punycode","MIT","YES",""
"puppeteer","Apache-2.0","YES",""
"puppeteer-core","Apache-2.0","YES",""
"qs","BSD-3-Clause","YES",""
"queue-microtask","MIT","YES",""
"radix-ui","MIT","YES",""
"randombytes","MIT","YES",""
"range-parser","MIT","YES",""
"raw-body","MIT","YES",""
"react","MIT","YES",""
"react-day-picker","MIT","YES",""
"react-docgen","MIT","YES",""
"react-docgen-typescript","MIT","YES",""
"react-dom","MIT","YES",""
"react-hook-form","MIT","YES",""
"react-is","MIT","YES",""
"react-leaflet","Hippocratic-2.1","YES","Frontend mapping lib — Cockpit UI only"
"react-refresh","MIT","YES",""
"react-remove-scroll","MIT","YES",""
"react-remove-scroll-bar","MIT","YES",""
"react-resizable-panels","MIT","YES",""
"react-smooth","MIT","YES",""
"react-style-singleton","MIT","YES",""
"react-transition-group","BSD-3-Clause","YES",""
"recast","MIT","YES",""
"recharts","MIT","YES",""
"recharts-scale","MIT","YES",""
"rechoir","MIT","YES",""
"redent","MIT","YES",""
"redis-errors","MIT","YES",""
"redis-parser","MIT","YES",""
"refa","MIT","YES",""
"reflect.getprototypeof","MIT","YES",""
"regexp-ast-analysis","MIT","YES",""
"regexp-tree","MIT","YES",""
"regexp.prototype.flags","MIT","YES",""
"regjsparser","BSD-2-Clause","YES",""
"require-directory","MIT","YES",""
"require-from-string","MIT","YES",""
"resolve","MIT","YES",""
"resolve-from","MIT","YES",""
"resolve-pkg-maps","MIT","YES",""
"restore-cursor","MIT","YES",""
"rettime","MIT","YES",""
"reusify","MIT","YES",""
"rfdc","MIT","YES",""
"rollup","MIT","YES",""
"router","MIT","YES",""
"rrweb-cssom","MIT","YES",""
"run-applescript","MIT","YES",""
"run-parallel","MIT","YES",""
"rxjs","Apache-2.0","YES",""
"safe-array-concat","MIT","YES",""
"safe-buffer","MIT","YES",""
"safe-push-apply","MIT","YES",""
"safe-regex","MIT","YES",""
"safe-regex-test","MIT","YES",""
"safer-buffer","MIT","YES",""
"saxes","ISC","YES",""
"scheduler","MIT","YES",""
"schema-utils","MIT","YES",""
"scslre","MIT","YES",""
"semver","ISC","YES",""
"send","MIT","YES",""
"serialize-javascript","BSD-3-Clause","YES",""
"seroval","MIT","YES",""
"seroval-plugins","MIT","YES",""
"serve-static","MIT","YES",""
"set-function-length","MIT","YES",""
"set-function-name","MIT","YES",""
"set-proto","MIT","YES",""
"setprototypeof","ISC","YES",""
"sharp","Apache-2.0","YES",""
"shebang-command","MIT","YES",""
"shebang-regex","MIT","YES",""
"side-channel","MIT","YES",""
"side-channel-list","MIT","YES",""
"side-channel-map","MIT","YES",""
"side-channel-weakmap","MIT","YES",""
"siginfo","ISC","YES",""
"signal-exit","ISC","YES",""
"sirv","MIT","YES",""
"sisteransi","MIT","YES",""
"slice-ansi","MIT","YES",""
"smart-buffer","MIT","YES",""
"smol-toml","BSD-3-Clause","YES",""
"socks","MIT","YES",""
"socks-proxy-agent","MIT","YES",""
"sonner","MIT","YES",""
"source-map","BSD-3-Clause","YES",""
"source-map-js","BSD-3-Clause","YES",""
"source-map-loader","MIT","YES",""
"source-map-support","MIT","YES",""
"split2","ISC","YES",""
"stable-hash-x","MIT","YES",""
"stackback","MIT","YES",""
"standard-as-callback","MIT","YES",""
"statuses","MIT","YES",""
"std-env","MIT","YES",""
"stdin-discarder","MIT","YES",""
"stop-iteration-iterator","MIT","YES",""
"storybook","MIT","YES",""
"streamx","MIT","YES",""
"strict-event-emitter","MIT","YES",""
"string-argv","MIT","YES",""
"string-width","MIT","YES",""
"string-width-cjs","MIT","YES",""
"string.prototype.trim","MIT","YES",""
"string.prototype.trimend","MIT","YES",""
"string.prototype.trimstart","MIT","YES",""
"stringify-object","BSD-2-Clause","YES",""
"strip-ansi","MIT","YES",""
"strip-ansi-cjs","MIT","YES",""
"strip-bom","MIT","YES",""
"strip-final-newline","MIT","YES",""
"strip-indent","MIT","YES",""
"strip-json-comments","MIT","YES",""
"strnum","MIT","YES",""
"styled-jsx","MIT","YES",""
"supports-color","MIT","YES",""
"supports-preserve-symlinks-flag","MIT","YES",""
"swc-loader","MIT","YES",""
"symbol-tree","MIT","YES",""
"tagged-tag","MIT","YES",""
"tailwind-merge","MIT","YES",""
"tailwindcss","MIT","YES",""
"tapable","MIT","YES",""
"tar-fs","MIT","YES",""
"tar-stream","MIT","YES",""
"teex","MIT","YES",""
"terser","BSD-2-Clause","YES",""
"terser-webpack-plugin","MIT","YES",""
"text-decoder","Apache-2.0","YES",""
"thingies","MIT","YES",""
"tiny-invariant","MIT","YES",""
"tiny-warning","MIT","YES",""
"tinybench","MIT","YES",""
"tinyexec","MIT","YES",""
"tinyglobby","MIT","YES",""
"tinyrainbow","MIT","YES",""
"tinyspy","MIT","YES",""
"tldts","MIT","YES",""
"tldts-core","MIT","YES",""
"to-regex-range","MIT","YES",""
"toidentifier","MIT","YES",""
"totalist","MIT","YES",""
"tough-cookie","BSD-3-Clause","YES",""
"tr46","MIT","YES",""
"tree-dump","Apache-2.0","YES",""
"tree-kill","MIT","YES",""
"ts-api-utils","MIT","YES",""
"ts-declaration-location","BSD-3-Clause","YES",""
"ts-dedent","MIT","YES",""
"ts-morph","MIT","YES",""
"tsconfig-paths","MIT","YES",""
"tsconfig-paths-webpack-plugin","MIT","YES",""
"tslib","0BSD","YES",""
"tsx","MIT","YES",""
"tunnel","MIT","YES",""
"type-check","MIT","YES",""
"type-fest","MIT OR CC0-1.0","YES",""
"type-is","MIT","YES",""
"typed-array-buffer","MIT","YES",""
"typed-array-byte-length","MIT","YES",""
"typed-array-byte-offset","MIT","YES",""
"typed-array-length","MIT","YES",""
"typed-inject","Apache-2.0","YES",""
"typed-query-selector","MIT","YES",""
"typed-rest-client","MIT","YES",""
"typescript","Apache-2.0","YES",""
"typescript-eslint","MIT","YES",""
"unbox-primitive","MIT","YES",""
"underscore","MIT","YES",""
"undici-types","MIT","YES",""
"unicorn-magic","MIT","YES",""
"unionfs","MIT","YES","MIT (UNSPECIFIED in package.json)"
"universalify","MIT","YES",""
"unpipe","MIT","YES",""
"unplugin","MIT","YES",""
"unrs-resolver","MIT","YES",""
"until-async","MIT","YES",""
"update-browserslist-db","MIT","YES",""
"uri-js","BSD-2-Clause","YES",""
"use-callback-ref","MIT","YES",""
"use-sidecar","MIT","YES",""
"use-sync-external-store","MIT","YES",""
"util-deprecate","MIT","YES",""
"uuid","MIT","YES",""
"validate-npm-package-name","ISC","YES",""
"vary","MIT","YES",""
"vaul","MIT","YES",""
"victory-vendor","MIT AND ISC","YES",""
"vite","MIT","YES",""
"vitest","MIT","YES",""
"vscode-languageserver-textdocument","MIT","YES",""
"vscode-uri","MIT","YES",""
"w3c-xmlserializer","MIT","YES",""
"walk-up-path","ISC","YES",""
"watchpack","MIT","YES",""
"watskeburt","MIT","YES",""
"weapon-regex","Apache-2.0","YES",""
"web-streams-polyfill","MIT","YES",""
"webdriver-bidi-protocol","Apache-2.0","YES",""
"webidl-conversions","BSD-2-Clause","YES",""
"webpack","MIT","YES",""
"webpack-sources","MIT","YES",""
"webpack-virtual-modules","MIT","YES",""
"whatwg-encoding","MIT","YES",""
"whatwg-mimetype","MIT","YES",""
"whatwg-url","MIT","YES",""
"which","ISC","YES",""
"which-boxed-primitive","MIT","YES",""
"which-builtin-type","MIT","YES",""
"which-collection","MIT","YES",""
"which-typed-array","MIT","YES",""
"why-is-node-running","MIT","YES",""
"word-wrap","MIT","YES",""
"wrap-ansi","MIT","YES",""
"wrap-ansi-cjs","MIT","YES",""
"wrappy","ISC","YES",""
"ws","MIT","YES",""
"wsl-utils","MIT","YES",""
"xdg-basedir","MIT","YES",""
"xml-name-validator","Apache-2.0","YES",""
"xmlchars","MIT","YES",""
"xtend","MIT","YES",""
"y18n","ISC","YES",""
"yallist","ISC","YES",""
"yaml","ISC","YES",""
"yargs","MIT","YES",""
"yargs-parser","ISC","YES",""
"yauzl","MIT","YES",""
"yocto-queue","MIT","YES",""
"yoctocolors","MIT","YES",""
"yoctocolors-cjs","MIT","YES",""
"zod","MIT","YES",""
"zod-to-json-schema","ISC","YES",""
"zustand","MIT","YES",""
